user_id,username
1,$ KAK DOLLAR
2,497568495
3,6pR
4,76561198166268276
5,76561198988840110
6,78ij
7,80Flo08
8,::: aI_Ie0n :::
9,>noderunner_
10,A. Seraji
11,AB
12,AG7
13,ALEKSANDR MIKHAYLOV
14,ALI ESSA
15,Abel Frost
16,Abid Hasan
17,Abijith B
18,Acwis IV Eld
19,Adamas_
20,Adel
21,Admiral_Ant
22,Adrián
23,Aegnoril
24,Aeropro
25,Afamocc
26,AfuraW4Kong
27,AgentG
28,Ahmad
29,Ahmad Abrar
30,Ahmed
31,Ahmed Bakr
32,Aj Murray
33,Akash Ani
34,Akkedis123
35,Alan Bessa
36,Albvasper
37,Alcoholic
38,AleX ZavalA
39,Aleks_CL
40,Alen Liang
41,Alex
42,Alex Dasí
43,Alex Görtz
44,Alex Jones
45,Alex K.
46,Alex L.
47,Alex Luri
48,Alex Yerofeyev
49,AlexIoan
50,AlexLiftingBRO
51,AlexPorPoco
52,AlexTheHobbit
53,Alexander Seriously
54,Alexander Zhukov
55,Alexandre Pedrecal 👨‍💻
56,AlexeyVer
57,Alexy
58,Ali H
59,Alisina Fakhraei
60,Almat
61,Aloísio Marques Lingo Filho
62,Alpha
63,Alyx
64,AmaliyaM
65,Amimaster
66,Amine Aouragh
67,Amun Akta
68,Ana Faria
69,Andrew Mishler
70,Andrew-David Jahchan
71,Andrey Karabanov
72,André R. S.
73,Andy Lee
74,Andzerx
75,Angus Williams
76,Animoroc
77,Animus_
78,Anonymouse1921
79,Anton
80,Anton Petrov
81,Arkady Lukashov
82,Armanjivani74
83,Arrow2theface
84,Ars
85,Arta
86,Artazanasss2021
87,Arteeten
88,Artsiom
89,Arturas
90,Ashamed
91,Ashki Kudžma
92,Asmore
93,AssassinGlasgow
94,Asurak
95,Atishay Jain
96,Austin
97,Austin Straight
98,AutoDMC
99,Avent
100,AwakeMeerkat
101,Ayberk
102,Ayman Elkridy
103,Ayman mirghani
104,Azriel Dan
105,B4nG122
106,BachaBoom
107,Badyuyu
108,Bajor
109,Bambei
110,Baranek
111,Barton Lynch
112,Basilio Guzmán Gómez
113,Basstropix
114,Bbuddha Lama
115,Bejn
116,BelthicGaming
117,Ben C
118,Benja Arias
119,Benjamin Santana
120,Berny23
121,Bia
122,Bibo
123,Bicuch
124,Big Boss
125,BigLadMelton
126,Birak Nassime
127,Blizzan
128,BloodScorchedSun
129,Bltch
130,BlueBird
131,Bo7dan
132,BoJack Horseman
133,Boevmaz
134,Bogdan Punyk
135,Bon_Crazy
136,Boris
137,Brahmaputra
138,Brandon Eaton
139,Bratoukha
140,Brayan Valencia
141,Braydoon
142,Breat
143,Bredrumb
144,Brett Williams
145,Brett kemp
146,Brian Henry
147,BrightSoul
148,Brittbam
149,Broshy
150,Bruno Lirio
151,Bruno Maio
152,BuckedLeopard21
153,Burvis916
154,CLvtch
155,Caesar
156,CandyLord5
157,Carakaton
158,CarstenGreiner
159,CasperAKM
160,Catalonia
161,Catherine
162,Cauã Lucena
163,Cavik
164,Cearvm
165,CellarDweller
166,Cellex
167,Cesar Lamelas
168,ChallahBread
169,Chantelle99
170,ChaosCrash13
171,Chase
172,ChayBee
173,ChecheMilito
174,Chemical404
175,ChiefDigital
176,Chinmay Singh
177,Choopa
178,Chris
179,Chris Lerma
180,Christopher James Manglos
181,Christopher Tristan
182,Christopher Westberg
183,ChuckLaFlame
184,Ciacho
185,Cire89
186,Clawclock
187,Clint Crocker
188,Cloyd
189,Colourfuljosh
190,ComradeKiwi
191,Connie Olivia
192,Conti
193,Coopman45
194,Crackers_and_Cheese
195,CrazzyTroll
196,CreachiXD
197,Crissy
198,Cristian Herrera
199,CristianCavanzo
200,CroSSpy
201,CrownedKey
202,Crystal Cheong
203,Curious_Cat
204,CyberPamy
205,Cynthia
206,Czarniejos
207,DELOBEL Nathan
208,DJSharpeCheddar
209,DMMPG
210,DTAHoek360
211,DaBrixster
212,Dabzilla
213,Dakota
214,DamisBlade
215,Dan Hensley
216,Daniel
217,Daniel Piotrak
218,Danielle
219,Danila Shnayder
220,Dankon_Stream
221,Danni Breedlove
222,Danny Williams
223,Darien Fawkes
224,Darius Carriger
225,Darius Varnelis
226,Dark Lord
227,Darragh
228,Darrien Franklin
229,DarthMurdok
230,David Brentlinger
231,David King
232,Davious
233,Dawid
234,Dawid Szramka
235,Dawidov
236,Deakon Black
237,DeanWinchester
238,DeathStruggle
239,DedalusG
240,DeepEyes95
241,Denis Kuchin
242,Denis Ozdemir
243,Dennis Cortés
244,Devon
245,Dheeraj Shetty
246,Dima Kulkov
247,Dima Pursanov
248,Dima064
249,DimonFS
250,Diogo Pereira
251,Diskis
252,Dmrocks1024
253,DoMyDeXi
254,DojimaKojima
255,Dom
256,Dominic K
257,Doomsan
258,Dormant
259,Dovahkiin
260,Dovydas Šakalys
261,Dranx
262,Dredgen Aries #ACAB 💚
263,Druadan
264,Dryfx
265,Duckie360
266,Dumitru Mosnegutu
267,DustyRaccoon
268,Dylan
269,Dylan Guzman
270,Dylan James Cooney
271,Dzima Tahan
272,Dávid Kaposi
273,EGORKA_PIPICbKIN
274,EPurpl3
275,Earl
276,Eddie Morgan
277,Edu
278,Edvisss841
279,Edward Faust
280,Eerye
281,Efelatte
282,Ejsonic
283,ElgatoFl
284,Elizabeth (Izzy) Mae Osborne
285,ElmaniR
286,Elonis
287,Emanuel Acosta
288,Emi Montemayor
289,Emily
290,EmperorArt
291,EnricoDC
292,EntropyMax
293,Eric Michelsen
294,Esaphia
295,Esbylion
296,Eschatos
297,Esculope
298,Ethan Loertscher
299,EtoZheEmel9
300,Eugenki
301,Eugine
302,Euro_teen
303,"Ezequiel ""El Puchi"" Carrera"
304,FAMAN
305,FAT_DOINK
306,FKVFPBR
307,FT_Flame
308,Facuu Blasco
309,Fadil Arya
310,FaeCube
311,Falastiniya
312,Fandomgirl2424
313,Faraz
314,Farlander
315,FeTerra
316,Fedor Vityugin
317,Felipe Lopes
318,Felipe Santana
319,Felwinterr
320,Finzio
321,Fitnesss2022
322,Flavio Silva
323,Flecha Rápida
324,Fleem
325,Flermilyxx
326,Flo
327,Float
328,Floofythedog
329,Foxi32
330,Foxotic
331,Fran Vergara
332,France Carl Colonia
333,Francisco Cisneros
334,Friday Tartaro
335,Friðrik Ágúst Egilsson
336,FromTheRealmofShadows
337,Frosting
338,FrozenFs
339,Fulon
340,FunFrog
341,Furnacetroll
342,Félix Cuervo
343,G the MEAN
344,G0ld3nL4ugh
345,GO News Publication
346,Gaalpos
347,Gabriel
348,Gabriel Jewett
349,Galadros
350,Galina Sovkova
351,Game Sense
352,GameItAll
353,Gamecrawler
354,Gamegirl26
355,GarnetSunset
356,Garpet
357,Garrett Gizen
358,Gattsu
359,Gaxve
360,GearsWorker
361,Gelaos
362,Genesisomfg
363,George Almeida
364,GhostFlesh
365,Giganim
366,Giggles
367,Gilson de Souza
368,Ginsu
369,Gl0ryH0le_L0ver
370,GloryKID
371,GodHimself
372,GoldenCrown
373,Gordii
374,GordonBombay
375,Gorfest
376,Graham Kaletsky
377,Grayhound
378,GreenwoodTaichou
379,GreyNade
380,GunsBetCasino
381,Gus Maia
382,Gx Marius
383,Günzelsen
384,Gōthar
385,Haky232
386,Halcat
387,Hamaza
388,Hamza
389,Hanco99
390,HariKumar
391,Haziq Ali
392,Head
393,Hector Cárdenas
394,Hendric Pieters
395,Hezzi
396,Hippolyte Caubet
397,Hisurane
398,Hitmaschine
399,Hoole Netuck
400,Hossein Mehrabi
401,Hovanella
402,Howard the Duck
403,Huge Ackman
404,HuibFG
405,Humongous Thor
406,Hussein Alshukrgi
407,Hytalecreed
408,IammrX
409,Ian
410,Ian E.
411,Igor Hoelscher
412,Ilya Sokolov
413,Imants Ivanovs
414,Imargo
415,Imrick7
416,Infernoking15
417,Infostud
418,Inkblot
419,InsaneGlitch
420,InvoiceUG
421,Iostephane
422,Irfan
423,Irina_lisofa
424,IronBullMan
425,Isaac Ferguson
426,Ivan
427,Ivan Gubanov
428,Ivan Semkin
429,Ivan Stupak
430,Ivanlle
431,J Preston
432,"J'oraboy J'oraev"
433,JRot
434,JYK_Kaiy
435,JaDm
436,Jaakko Kurjenluoma
437,JaberDoe
438,Jacob Stewart
439,Jada Alexander
440,Jaffar Mohammed
441,Jake A. Strife
442,JamLaRyan
443,Jamie Shepherd
444,Janus
445,Jarakkus
446,Javicueto
447,JayBone1962
448,Jaziel
449,JediMrdko
450,Jerdi Dangai Original
451,JetCat
452,Jidion
453,JinTatsu
454,Jinzo
455,Joana Xu
456,Joey Karlik
457,John
458,John Huppenthal
459,John McCarty
460,JohnStory1
461,Jokerlocco
462,Jon
463,Jonantan Constantino
464,Jorian Rutten
465,Jos Zonneveld
466,Josep EM
467,Joseph
468,Josh
469,Joyland
470,João Carvalho
471,João Felipe
472,João Vitor de Souza Ribeiro
473,Judexas
474,Julian Mitchell-Israel
475,Julien Kaspar
476,Julius Liu
477,Juri
478,JustCozzie
479,Jyoules
480,Kabanossi
481,Kachroth
482,Kagrayz
483,Kai Detmers
484,Kaido98
485,Kaimynas
486,Kaizoku
487,KameRUN
488,Kamil Popielski
489,Kamrul Ahasan Shanto
490,Kane Smith
491,Kanyon Glaze
492,Karako
493,Karen Wan
494,Karolll07
495,Kasper Jastrzębski
496,Katana
497,KawaiiMuaii
498,Kenji
499,Kenji Bailly
500,Keravanjoki
501,Kerniol1
502,KerrodWill
503,Kesler 🇦🇷
504,Ketan
505,Khaled Daghele
506,Khaleddaghele
507,Khalighost
508,KingWaterChicken
509,Kirill Krasin
510,Kirill Shabordin
511,Kitty Skies
512,Kneels
513,Knightaxel
514,Konstantin Komarov
515,Koolpsych
516,Kostadin Rangelov
517,KpyTa9l_XyJluraHka
518,Kra5h.exe
519,Kryword
520,KuZaaaaaaa
521,Kunaro
522,Kyle Franklin
523,Kyle Weber
524,LORD-of-THUNDER
525,Laisarre
526,LaserRaptor97
527,Lasse
528,Laura
529,Laurynas Tamosauskas
530,Le Ngoc Anh
531,Leah Cross
532,Leandro Aguilar
533,Leder124
534,Legendaryvenomz
535,Leo Lu
536,Leon
537,Leonard Gabriel
538,LestatIX
539,Lev Khudorozhkov
540,Levan Chkonia
541,Levi Dias
542,Lighte
543,LilLinel
544,LionCub03
545,LizaMef
546,LoVckie
547,LogLadyLand
548,LordWilson
549,Lorenzo
550,Lorenzop
551,LouploupGrahou
552,Lucas Eduardo
553,Lucifer Blaze
554,Ludo
555,Lufalu
556,Luke Irvin
557,LunarWrens
558,Luug
559,M0ck1ngb1rd
560,MDayron
561,MLGamingLT
562,MOMA
563,MR LEMON SKY
564,MRSD
565,Maccer
566,Maci
567,Magdiel Arlison da Silva Bezerra
568,Maicol Battistini
569,Makachapas
570,Maksim Oblezin
571,Mando #blacklivesmatter
572,Mansur Uspanov
573,Manuel Araujo
574,Marc Almond Valleza
575,MarcelJulio
576,Marcelo Mass
577,Marcio Júnior :(
578,Marco Martins
579,MariaMAR
580,Marian Cambei
581,Marian FX
582,Marki3810
583,MarlowLTU
584,Maroun Five
585,MateusQN
586,Mateusz Gorczyca
587,Mateusz754
588,Matheus Tranquilin
589,Mathew1
590,Matias Pauer
591,Matt
592,Matt Knarr
593,Mattias
594,MauroTK
595,Max
596,Max Liashuk
597,Max Savenkov
598,Max_Izotenko
599,MaybeQue
600,McStruthers
601,MeZev
602,Merlijn Eskens
603,Messai
604,MiLorD
605,Mia Blais-Côté
606,Michael Huxel
607,Michael Pupyshev
608,Michail Ger
609,Michal Kašubjak
610,Michelle W
611,Miguel Sánchez
612,MiguelOrts
613,Mihail
614,Mika
615,Mikhail Ivanov
616,Mikkeps
617,Millionaire_Detective
618,Milán Tancau
619,Mimmoj85
620,Mimozai
621,Minhee Kwon
622,Misha
623,Mishqa Shesterikov
624,MissVellichor
625,MistaMix
626,Miwell Joestar
627,Mizuna
628,Mizzium
629,Molb
630,MomoSnow🏂
631,Montaholic
632,Mook
633,Moonorite2
634,Mopreme187
635,Moran_Melian
636,Morka75
637,Mr-V
638,MrPiggy
639,MrSpanky
640,Mr_Dr_Pr
641,Mrme
642,Muhammad Ahmad
643,Muhammet
644,Muntadher Salih
645,Mustafa Ansari
646,Mut4nt_J
647,Mythicos
648,N1mda
649,NOXEN
650,NafaryusDestiny
651,Naferla
652,NanoToybox
653,NappyNinja
654,Nate
655,Nathaniel Blackburn
656,Necromanticas
657,Nedasan
658,NeedleNose1
659,Nekoy
660,Nelson
661,Neogen1k_
662,NerdStone04
663,Nerijus
664,Nezervi Nez
665,NiBoe
666,NickB
667,Nicobi
668,Nicola Santeramo
669,NikTheZocker
670,Nikita Glazkov
671,Nikita Purple
672,NinjaGamer_7986
673,Noah
674,Norberto
675,NotPositive-XP
676,Nota Kuroi
677,Notly
678,Now Loading...
679,Oakley
680,Ocelotiki_Ko
681,OctopusGrift
682,Od6oates
683,OhoVysn1a
684,Oleg Bovykin
685,Oleg Dubrovsky
686,OndroBondro
687,OneDrunk
688,OnlySlippery
689,Onur Berk
690,Ozymandias935
691,Ozyzaz
692,Oğuzhan Hancı
693,PYROKXNEZXZ
694,Paarthurnax
695,Pal Rasms
696,Pale
697,Pan4ratte
698,Panagiotis Bakoloukas
699,Pandsu
700,PapochkaTapochka
701,Patrick King
702,Patrick Wadden
703,Patton the Gamicus
704,Paul Rasms
705,Paul Serhiichuk
706,PaulaHub
707,Pavel Sobolev
708,Pavel Vasilev
709,Pavlo Makovetskyi
710,Pedro Piñeiro
711,Pedro Quiroz Torres
712,Pelikant
713,Persephoneia
714,Pessimistic Ghost
715,Peter Bolkunov
716,Peter Finnen
717,PeterK
718,Petrezee
719,Petrucci
720,Phantom_115
721,Phillip Shaw
722,Piekeeper
723,PimCoppertears
724,Pineappled
725,PiratiFy
726,Pirlo AdnAn
727,PlagaMedicum
728,PlayerALH
729,Plexia
730,Pointing2219
731,PolarWhisper6
732,PotatoInMyNostril
733,Poxotlivchik
734,Pr0x
735,PrimaMateria
736,Prince Xtra
737,ProcrastinationPower
738,Prsiik
739,Querty
740,Quest to Zero
741,Quoriil
742,R3SP4UN
743,RSS
744,RSbisket
745,Rabel Matos
746,Radovan
747,Rafael Corrado
748,Rafael Gazola Ghedini
749,Rafael Muñoz
750,Rahul
751,RakishMaster
752,Rakon Kido
753,Randlocher
754,RaptorusMaximus
755,RawDogMaster9000
756,Ray Remnant
757,RayAtreyu
758,ReaperFO3
759,Rebecca Rosenthal
760,Reda Lazri
761,RedeyeFR
762,ReefReefReef
763,Reem Tarmack
764,Refractionn
765,Regis92
766,ReidxLoveLive
767,Reighn
768,Reiko_LJ
769,Rejedai
770,Rengan
771,Renzo Moretti
772,Repers
773,Retro JimmyX
774,Rex
775,Rhythm
776,Ricardo Mendes
777,RickLander
778,Rid13y
779,Ridiculous_Death
780,Rishav Chhabra
781,Rishit Mehta
782,Rizzo13
783,Rob B.
784,Robbie
785,Roddypii
786,Roee FL
787,Roger Lucas Vasques
788,Rogueh
789,RoldyGoldy
790,Roman
791,Roman Bykanov
792,Roman Goncharov
793,Roni Laukkarinen
794,Rosayyy
795,Roublemac
796,Ruben Van der Velde
797,Rui Parreira
798,Rui Peixoto
799,Runaway13077
800,RupertikoRomela
801,RuslanX
802,Ruven Schlensog
803,SECCheesewolf
804,SP
805,SQWORNESS
806,STEEEIIINN
807,STOOVRS
808,Sabababananana
809,Sabrina B
810,Saitrex
811,SalaRah
812,Salvador Lemones
813,Sam Zhao
814,SamPT
815,SamWhiteFox
816,Samfira Cosmin
817,Samuel Morrison
818,Samurai2077
819,SamuraiMosey
820,SandwichM4n
821,Sarah Morris
822,Sasha_Cooper
823,Saturday13
824,Saumit Roy Chowdhury
825,Saurabh Khirwal
826,Say4ct
827,Scaledish
828,Schattenfix
829,SchoopDaWhoop
830,Scottie G
831,ScottyG
832,Seb Jachec
833,Sebastian
834,Sebastian Filips
835,Sebastian Luthy
836,Segovo
837,Sephirod
838,Serge Ulankin
839,Sergei Knish
840,Sergey Bagryantsev
841,Sergey Saber
842,Sergiy Kosyuk
843,Serobsahakyan
844,SevenFox
845,Shaan Brown
846,Shalopay
847,Shalupon
848,Shane Ryan
849,Sharingann
850,Shartrais
851,Shawndroid
852,Shimano no Kyōken
853,Shivani
854,Shorono
855,SilentName
856,SilentPyra
857,Silver
858,Simorico
859,Sir Lagsalot
860,SkyFlyStaR
861,Skya Malone
862,SlaY_74
863,SleepySammy
864,SmittyBoyTellEm
865,Sno
866,SpudGamer
867,Staliuniokas
868,Stalyn Sampedro
869,Stefano Roversi
870,Stepan Litun
871,Steph DGenius
872,Steven Sanchez
873,StevenFortney
874,Stormcloak
875,Stormhavoc
876,Strature
877,Stuart
878,Subham Sarkar
879,Sugubat
880,Sukts
881,Sven Raval
882,Syed Hassan Ashraf
883,Sympathy4Machine
884,T0fug3n
885,Tabak_1993
886,Tachomu
887,Tahir
888,Tamir Bahar
889,Tandder Lima
890,Taykon
891,Tecnocrat
892,TedGreen
893,TellauR
894,Temptershell
895,TerrorDecay
896,Tgggg
897,ThatDamnMenace
898,The Man With DOOMS Who Sold the World
899,The Mangolorian
900,TheAwsmPossum
901,TheBevmyster
902,TheCrippledPizza
903,TheEmperorsEyebrows
904,TheFireborn364
905,TheGorillaNI
906,TheHonoredOne
907,TheTreeMan
908,Thehealeroftru
909,ThompsonH2
910,ThyLight
911,Thyler
912,Thắng Bùi
913,TiFixer
914,TigerRobocop
915,Tim Ermilov
916,Tim Leidecker
917,Tisikoit
918,Todd City
919,Tom Blake
920,Tom Bowen
921,TomSido99
922,TomatoKeeper
923,Tomkiwi
924,Tonaay
925,Toni Novak
926,Top Dawger
927,Tou Fik
928,Toxic Hunt3r
929,Tramandai
930,TrashMan
931,Treze
932,Tridxnt
933,Tru3Cop3r
934,Tryall
935,TuckerP
936,Tuomas Äystö
937,Turbiales
938,Turner Monroe
939,Twisted-Legand
940,Tyler Whiting
941,Tyrese
942,Tzeelim
943,U_Ice
944,UltiDK
945,Uneducated_Reviews
946,Usama Aqeel
947,User728212
948,V1rTu
949,VL_Show
950,Vaalt
951,Vaisagh D
952,Valentine Boyev
953,Valera Popov
954,Valerien
955,Valtelė
956,Vanessapintocom
957,Victor
958,Victor Larios
959,Videogame_lover235
960,Vitor Araujo
961,Vlad
962,Vlad Florescu
963,Vlad Minkov
964,Vladimir Chervonenko
965,VolandZR
966,Volodymyr Denisiuk
967,Voltiel12
968,Voodoo
969,VukM
970,WARMACHINEBOOGEYMAN
971,WD_Gaster
972,WTX-
973,Wagerbeat
974,Wagon
975,Walid Zhy7
976,Watashama
977,Weeb
978,Western Capercaillie
979,Wikiti
980,William Olson
981,Wilmar
982,WinkBaufield
983,WizenedLemur
984,Wolphanto
985,Wookies_For_Hire
986,World1710
987,Wren Song
988,Wulfila
989,XAKmelion
990,XFEXKLCL
991,XaHTeP
992,XxxmarionettexXXx
993,Yan
994,Yang Chen
995,YarikAn
996,Ye1es
997,Yigit Pinarbasi
998,Yiredeb
999,Yizhu Zong
1000,YoContrabass
1001,Yubal
1002,Yury
1003,ZACK
1004,Zabir Al Zehad
1005,Zachary
1006,Zagroz
1007,Zaid Ahmed
1008,Zambrella
1009,Zayne129
1010,Zebatsu
1011,Zeekvo
1012,Zellator
1013,ZeusOfTheCrows
1014,Zsolt Héja
1015,Zygore
1016,Zé Victor
1017,[dz]an
1018,_black_jack_
1019,_emmelim_
1020,aaa
1021,adam grace
1022,adhityairvan
1023,adiosnonino
1024,afitorres
1025,aidantjames.2004@gmail.com
1026,akadrus
1027,akhraju
1028,akuz //
1029,aleckzu
1030,alexseens
1031,alextmoldovan
1032,alkado_hs
1033,alohatanec
1034,alternetiveforest
1035,alxnadt
1036,alyvain
1037,amirali_gamer38
1038,anatolev
1039,andrewleines
1040,anubisma
1041,aorriols1
1042,arikuza
1043,armavir
1044,arnoux89
1045,arshya
1046,atreech
1047,avogadro24
1048,ayna2004
1049,baLdr7
1050,badakinis
1051,badiuor
1052,ballboyproo
1053,basedgod420
1054,bayshihin
1055,beast-sl
1056,beboko8585
1057,begemother
1058,ben_auchana
1059,beniscool53
1060,berkeram
1061,bgsmith3
1062,bigbaddice
1063,bigwowik
1064,bkzland
1065,black_yogui
1066,blademountain
1067,bloodwhale
1068,bluerain28191
1069,boop52
1070,bopbivodich
1071,braden1897
1072,brady
1073,brandolo
1074,brocco
1075,bront
1076,butterhand
1077,c3r3ra
1078,capetaun
1079,cent
1080,chach
1081,changpcan
1082,charlie
1083,cheer1o
1084,chri_ho
1085,chrono14
1086,claus_canddie
1087,coldhandy
1088,coptim
1089,crocopox
1090,cxemab0b
1091,damibailez
1092,damirka154
1093,danielswe
1094,danielswe4
1095,danielugr
1096,danxwilson
1097,darkbouda
1098,darknotevil
1099,darkraven4
1100,dbenton93
1101,deleted_17714
1102,deleted_21105
1103,deleted_24066
1104,deleted_28322
1105,deleted_4010
1106,deleted_555899
1107,deleted_558918
1108,deleted_592106
1109,deleted_675425
1110,devmck
1111,digaxie
1112,digitalspenz
1113,dima2506
1114,diodrop
1115,dirty DIAna
1116,dkoponen
1117,dookalees
1118,doomslayer365
1119,dragunove18
1120,drinker5
1121,dsdsdsdsd
1122,dumbestdummy
1123,dupontalister
1124,ecmhands
1125,edersonmarques2
1126,edgelands
1127,edo_moya
1128,edvinas80
1129,elNino47
1130,elishere
1131,elle
1132,elthux
1133,eltonjoee
1134,elzeta
1135,eminyi
1136,emre17
1137,enriquedev
1138,eric8418182
1139,euhde
1140,eva6947
1141,evenmudkip
1142,evilmeett
1143,f1restone
1144,f1rrkk
1145,facepalmqwerty
1146,fadjodjas24
1147,faggurgle
1148,firefirefirefire
1149,flipndestroy
1150,floormattress7
1151,floppy85
1152,flover1ss
1153,flpkyqagppj
1154,fluffydevil
1155,formaterror
1156,fratt
1157,frog
1158,fu2re
1159,furiogs
1160,g31071984
1161,gaiaonline420 {activated}
1162,galxiie
1163,gapex
1164,gauchoback
1165,gaybnewl
1166,gfhgfdvc
1167,gidofgamtechgamesEwee6766
1168,givesnofawkes
1169,gogirl1998
1170,gonklab
1171,goteta
1172,grihajedy3
1173,grishan
1174,gui_258
1175,gvidosius
1176,gxxxkxxx
1177,h
1178,harvardier
1179,hb20007
1180,hedgehog_ok
1181,highhorse
1182,hobo_with_a_hookah
1183,huntinghollers
1184,iBarin
1185,iFiS
1186,iceman2894
1187,idex
1188,igabriel7
1189,illadmitrenko
1190,indigosaur
1191,infinite12
1192,intfangari
1193,isllael
1194,izummonster
1195,jazzy
1196,jcnrad
1197,jedi20144
1198,jgrammaticus
1199,jhonsherlok
1200,jimelest
1201,jj
1202,jordFara
1203,jorrybaby
1204,jwheeler
1205,k0rzhyk
1206,kahden_bricks
1207,kalmarerik
1208,karthur26
1209,keanex
1210,kev
1211,kevao
1212,kevinpg97
1213,kidboo
1214,kiev
1215,kirillkutanov9
1216,klinn1_1242
1217,krai
1218,krasmazov
1219,kropecius
1220,kry26
1221,kryptic115
1222,ksbrar
1223,lameasfk
1224,larafsantacruz
1225,laundmo_taw
1226,lceSp1ceRecoil
1227,leedosis
1228,leon811
1229,lesbian kitty 🏳️‍🌈
1230,li2150
1231,liamfltaylor
1232,lightfantastic
1233,lil_yoda
1234,lilsleepyfrogg
1235,littledeath
1236,liutkin
1237,lizreviews
1238,loaayahmad
1239,lonewish
1240,lordofpancakes
1241,lore
1242,lucasjqwjjjmksa
1243,luckystar1991
1244,lukas R
1245,lusi
1246,main_files
1247,malaya
1248,marceleza
1249,mariah
1250,markbass69
1251,marosc
1252,massbeat
1253,matmartin
1254,maziququ
1255,mdt9
1256,meeru
1257,metal-upa
1258,metalpluto
1259,mgr33d
1260,michael8000
1261,migtorr
1262,miguel
1263,mihirmanghwani93
1264,mistylandscapes
1265,miwek
1266,mixxeew
1267,moetron
1268,moloch77
1269,mon_mama_is_telsiu
1270,montynewman
1271,mortimer
1272,mq_btw
1273,msgemini
1274,muaazamin7
1275,muphblu
1276,mushishi
1277,nayodanu12
1278,nenskii
1279,neo_universe
1280,nett00n
1281,nicolasmagni
1282,nielsi0wnt
1283,nikipon
1284,nikita
1285,niktorio astrel
1286,nnhuy
1287,noname41
1288,noob pwnr
1289,nthnlcllns
1290,nzaco
1291,ocklaiken
1292,october
1293,ohnomoroo
1294,oliverxparker
1295,omegaax
1296,orangerful
1297,oss33
1298,osvaldo
1299,oswald_42
1300,p4fu
1301,pankee
1302,patjans5
1303,payidgambling
1304,pesadelonaengine
1305,phugface
1306,pilhas1st
1307,pingvi
1308,pizzacooper
1309,pizzammure
1310,poe-boter
1311,polacolipski
1312,pollinei
1313,possum
1314,ppuppa
1315,pr3cast
1316,qneiro
1317,quentinconz
1318,r0b0c0p
1319,r3volutionr0ck
1320,ra-fi
1321,rabidweezerfan
1322,radiohead5
1323,rajanarora
1324,ramiel
1325,ratkingdom
1326,ravillarreal
1327,rawgdawg
1328,rdparedes
1329,recoome
1330,redaughter
1331,redfield9
1332,remitoid
1333,remybach
1334,rixydas
1335,riz64
1336,rkain
1337,rochallor
1338,rochallor_mirk
1339,rocketsocket204
1340,rogue_malenia_stan
1341,roman_totale
1342,ronnie
1343,ryanchoi
1344,rzoszn
1345,s9182278
1346,s_henselmans
1347,sabass
1348,sad bear
1349,sade
1350,sanriocry
1351,sanzi
1352,sasharadar
1353,sathvik123
1354,schleudeacon
1355,seanfucious
1356,seekme_94
1357,semenov300494
1358,sickness29
1359,siickfox
1360,silent4
1361,sircharleswatson
1362,slendercity
1363,slivster
1364,slowpic
1365,snpefk
1366,soevhern
1367,solarmax
1368,soleado
1369,solo_levelng
1370,something
1371,sonac
1372,soulMolecule
1373,spacemanchuck
1374,splorux
1375,sprout
1376,stackjack
1377,stardumondeentier
1378,starry
1379,stefarusso
1380,stigoftdump
1381,substance_zero
1382,supaturd
1383,superlifi
1384,sweet
1385,szydeu
1386,taigi100
1387,tanner49
1388,testudo1515
1389,tgcgg
1390,th3lambsauce69
1391,thatpower
1392,theCarnage
1393,the_cooocaine_is_not_goood_for_y
1394,thefool
1395,thelittlereviewpage
1396,thelivingshitpost
1397,thelobst3r
1398,theomarch
1399,thesandman232
1400,theworstmaker
1401,thiagolocke
1402,tiailds
1403,tincomking
1404,tmello
1405,tmtimuchin
1406,tomfin
1407,tomkariath
1408,tossetaz
1409,treesniffingzombie
1410,triforcer91
1411,tripleexposure
1412,true_silencerall_muted
1413,tsv1983
1414,tuckerpoikonen
1415,twilightsophie91
1416,tyan_cut
1417,uchiha_kurama_narutovich
1418,unleashed2k
1419,vadim_ts
1420,valentin_alwolf
1421,valshi
1422,vamargo22
1423,vansouther
1424,vapology
1425,vieira
1426,vivrcard
1427,voloshinvlad
1428,vos_the_hong_kong_cone_pyro
1429,voskhos
1430,wafflespoopsy
1431,wdtruine04
1432,weitman
1433,wesh
1434,wgoff194
1435,wildcat
1436,wrmid4
1437,wuzzyize
1438,xXWoodinatorXx
1439,xajkep
1440,xcomler
1441,xettus
1442,xever
1443,xip
1444,xmista
1445,xxx1989626
1446,y83
1447,yAIex
1448,yamaci
1449,yexeed
1450,yogiyagiz
1451,yomi88
1452,yongjoolim
1453,your_feet
1454,yunusemre
1455,yusnazirulifzi
1456,yusuf_joseph
1457,z11i
1458,z1c0o
1459,z4ec
1460,z98625@mvrht.net
1461,zNeverSleep
1462,zacmuturi453
1463,zaq11
1464,zebra
1465,zeeta2d
1466,zer0Xy
1467,zhhhhxhq
1468,zidane
1469,Íkaros
1470,Ísak Agnarsson
1471,Алексей Таранов
1472,Андрей Мельников
1473,Андрей Рощевкин
1474,Артем Жуков
1475,Вова Калныш
1476,Гриха Винокуров/grihajedy
1477,Даниель Сторнелло
1478,Дмитрий Богуцкий
1479,Дмитрий Григоров
1480,Дмитрий Мещеряков
1481,Илья
1482,Макс
1483,Мамонтофф
1484,Матвеев Арнольда
1485,Никита Авдеенко
1486,Никита Кирпа
1487,Руслан Млтее
1488,Сергей Функ
1489,мц аскет
1490,саша курочка
1491,ברק מיוחס
1492,حسین صدری
1493,محمد النجار
1494,매트 - Chicago Kpop Stan
1495,𝒯ₒຟ𝘢
1496,𝕽𝖊𝖕𝖔𝕵𝖆𝖈𝖐 🎃
1497,𝗔𝗹𝗲𝘅𝗮𝗻𝗱𝗲𝗿 𝗞𝗮𝘁𝗶𝗻
1498,𝙳𝚘𝚞𝚐𝚕𝚊𝚜 𝙶𝚒𝚘𝚟𝚊𝚗𝚒𝚗𝚒
1499,🐼